#,Domain,Address,Type,Date
1,licai.rong360.com,origin69.rong360.com.,CNAME,2023-02-23
2,m.rong360.com,cdn.rong360.com.,CNAME,2023-02-23
3,g.rong360.com,origin69.rong360.com.,CNAME,2023-02-23
4,campaign.rong360.com,origin69.rong360.com.,CNAME,2023-02-13
5,cdn.rong360.com,124.251.114.105,A,2023-02-08
6,riskorg.rong360.com,124.251.49.121,A,2023-02-08
7,fastlend.rong360.com,riskorg.rong360.com.,CNAME,2023-02-08
8,tianji.rong360.com,borg.rong360.com.,CNAME,2023-01-29
9,borg.rong360.com,124.251.130.6,A,2023-01-29
10,origin69.rong360.com,124.251.90.209,A,2022-11-20
11,yuanzidai.rong360.com,riskorg.rong360.com.,CNAME,2022-11-19
12,bd.rong360.com,origin69.rong360.com.,CNAME,2022-11-15
13,lend.rong360.com,origin69.rong360.com.,CNAME,2022-11-14
14,bcdn.rong360.com,124.251.102.120,A,2022-11-12
15,ningbo.rong360.com,origin69.rong360.com.,CNAME,2022-11-10
16,mail0.rong360.com,124.251.102.82,A,2022-11-09
17,open.rong360.com,origin69.rong360.com.,CNAME,2022-11-09
18,u.rong360.com,origin69.rong360.com.,CNAME,2022-11-08
19,rong360.com,754e6a0f79b6d557.cdn.jiashule.com,CNAME,2021-11-14
20,u.rong360.com,bf51b9455292f593.cdn.jiashule.com,CNAME,2021-11-14
21,tianji.rong360.com,borg.rong360.com,CNAME,2021-11-14
22,yuanzidai.rong360.com,9bc45e0a953881fa.cdn.jiashule.com.,CNAME,2021-11-06
23,www.rong360.com,86039c4868f5ef7b.cdn.jiashule.com.,CNAME,2021-11-06
24,wcdn.rong360.com,124.251.102.206,A,2021-11-06
25,u.rong360.com,bf51b9455292f593.cdn.jiashule.com.,CNAME,2021-11-06
26,taojinyundev.rong360.com,124.251.102.83,A,2021-11-06
27,static.rong360.com,static.rong360.com.wswebpic.com.,CNAME,2021-11-06
28,rong360.com,754e6a0f79b6d557.cdn.jiashule.com.,CNAME,2021-11-06
29,q.rong360.com,b257eb16ec9acf84.cdn.jiashule.com.,CNAME,2021-11-06
30,open.rong360.com,a816589a52a421b2.cdn.jiashule.com.,CNAME,2021-11-06
31,openresearch.rong360.com,c784b54d6b38129c.cdn.jiashule.com.,CNAME,2021-11-06
32,ningbo.rong360.com,39cc0d011f8a5faf.cdn.jiashule.com.,CNAME,2021-11-06
33,midas.rong360.com,63402ba480e7936d.cdn.jiashule.com.,CNAME,2021-11-05
34,m.rong360.com,8fe2007f66103e7e.cdn.jiashule.com.,CNAME,2021-11-05
35,licai.rong360.com,dfe04bd0d2335500.cdn.jiashule.com.,CNAME,2021-11-05
36,lend.rong360.com,75babfbf37445e23.cdn.jiashule.com.,CNAME,2021-11-05
37,jsl.rong360.com,124.251.114.105,A,2021-11-05
38,isall.rong360.com,0ff1a1caf75faf52.cdn.jiashule.com.,CNAME,2021-11-05
39,is.rong360.com,b2df1468edf1d759.cdn.jiashule.com.,CNAME,2021-11-05
40,img.rong360.com,img.rong360.com.wswebpic.com.,CNAME,2021-11-05
41,g.rong360.com,388120cbe90c3c35.cdn.jiashule.com.,CNAME,2021-11-05
42,fastlend.rong360.com,4f5493a081e1a89e.cdn.jiashule.com.,CNAME,2021-11-05
43,campaign.rong360.com,1c9e636687125c17.cdn.jiashule.com.,CNAME,2021-11-05
44,bd.rong360.com,ab5308fb31054434.cdn.jiashule.com.,CNAME,2021-11-04
45,bbs.rong360.com,02ef9e2675a9b92d.cdn.jiashule.com.,CNAME,2021-11-04
46,rong360.com,124.251.102.94.,MX,2021-11-03
47,yuanzidai.rong360.com,9bc45e0a953881fa.cdn.jiashule.com,CNAME,2021-10-06
48,www.rong360.com,86039c4868f5ef7b.cdn.jiashule.com,CNAME,2021-10-06
49,static.rong360.com,static.rong360.com.wswebpic.com,CNAME,2021-10-06
50,s0.rong360.com,s0.rong360.com.wswebpic.com,CNAME,2021-10-06
51,q.rong360.com,b257eb16ec9acf84.cdn.jiashule.com,CNAME,2021-10-06
52,openresearch.rong360.com,c784b54d6b38129c.cdn.jiashule.com,CNAME,2021-10-05
53,open.rong360.com,a816589a52a421b2.cdn.jiashule.com,CNAME,2021-10-05
54,ningbo.rong360.com,39cc0d011f8a5faf.cdn.jiashule.com,CNAME,2021-10-05
55,midas.rong360.com,63402ba480e7936d.cdn.jiashule.com,CNAME,2021-10-05
56,m.rong360.com,8fe2007f66103e7e.cdn.jiashule.com,CNAME,2021-10-05
57,licai.rong360.com,dfe04bd0d2335500.cdn.jiashule.com,CNAME,2021-10-05
58,lend.rong360.com,75babfbf37445e23.cdn.jiashule.com,CNAME,2021-10-05
59,isall.rong360.com,0ff1a1caf75faf52.cdn.jiashule.com,CNAME,2021-10-05
60,is.rong360.com,b2df1468edf1d759.cdn.jiashule.com,CNAME,2021-10-05
61,img.rong360.com,img.rong360.com.wswebpic.com,CNAME,2021-10-05
62,g.rong360.com,388120cbe90c3c35.cdn.jiashule.com,CNAME,2021-10-05
63,fastlend.rong360.com,4f5493a081e1a89e.cdn.jiashule.com,CNAME,2021-10-05
64,campaign.rong360.com,1c9e636687125c17.cdn.jiashule.com,CNAME,2021-10-04
65,bd.rong360.com,ab5308fb31054434.cdn.jiashule.com,CNAME,2021-10-04
66,bbs.rong360.com,02ef9e2675a9b92d.cdn.jiashule.com,CNAME,2021-10-04
67,rong360.com,124.251.102.94,MX,2021-10-03
